epoch,train_loss,val_loss,val_acc,val_macro_f1
1,4.3138,4.230586,0.054945,0.02743
2,4.1604,4.063575,0.15984,0.093868
3,4.0393,4.000144,0.203796,0.132793
