epoch,train_loss,val_loss,val_acc,val_macro_f1
1,2.6445,0.656941,0.832168,0.822183
2,0.4267,0.350012,0.903097,0.902266
3,0.148,0.337725,0.917083,0.917508
