epoch,train_loss,val_loss,val_acc,val_macro_f1
1,3.228,1.205784,0.772228,0.730074
2,0.6743,0.41135,0.902098,0.89663
3,0.2403,0.351784,0.904096,0.903465
