epoch,train_loss,val_loss,val_acc,val_macro_f1
1,3.8748,2.63295,0.569431,0.487918
2,1.8599,1.158504,0.81019,0.770436
3,1.0272,0.870749,0.859141,0.836904
