epoch,train_loss,val_loss,val_acc,val_macro_f1
1,3.4116,1.434606,0.715285,0.650605
2,0.853,0.483652,0.882118,0.871014
3,0.3696,0.387585,0.898102,0.894548
