epoch,train_loss,val_loss,val_acc,val_macro_f1
1,3.3762,1.372892,0.769231,0.728344
2,0.735,0.429642,0.912088,0.908742
3,0.2452,0.339113,0.918082,0.918242
