epoch,train_loss,val_loss,val_acc,val_macro_f1
1,3.9718,2.877097,0.497502,0.412598
2,1.7521,0.750577,0.845155,0.819037
3,0.5136,0.444503,0.893107,0.881671
